가능,,,,NNP,지명,T,지하철,*,*,*,가능역,*
가산디지털단지,,,,NNP,지명,T,지하철,*,*,*,가산디지털단지역,*
가디,,,,NNP,지명,T,지하철,*,*,*,가산디지털단지역,*
간석,,,,NNP,지명,T,지하철,*,*,*,간석역,*
개봉,,,,NNP,지명,T,지하철,*,*,*,개봉역,*
관악,,,,NNP,지명,T,지하철,,*,*,*,관악역,*
광명,,,,NNP,지명,T,지하철,*,*,*,광명역,*
광운대,,,,NNP,지명,T,지하철,*,*,*,광운대역,*
구로,,,,NNP,지명,F,지하철,,*,*,*,구로역,*
구일,,,,NNP,지명,T,지하철,*,*,*,구일역,*
군포,,,,NNP,지명,T,지하철,*,*,*,군포역,*
금정,,,,NNP,지명,T,지하철,*,*,*,금정역,*
금천구청,,,,NNP,지명,T,지하철,*,*,*,금천구청역,*
남영,,,,NNP,지명,T,지하철,*,*,*,남영역,*
노량진,,,,NNP,지명,T,지하철,*,*,*,노량진역,*
녹양,,,,NNP,지명,T,지하철,*,*,*,녹양역,*
녹천,,,,NNP,지명,T,지하철,*,*,*,녹천역,*
당정,,,,NNP,지명,T,지하철,*,*,*,당정역,*
대방,,,,NNP,지명,T,지하철,*,*,*,대방역,*
덕계,,,,NNP,지명,T,지하철,*,*,*,덕계역,*
덕정,,,,NNP,지명,T,지하철,*,*,*,덕정역,*
도봉,,,,NNP,지명,T,지하철,*,*,*,도봉역,*
도봉산,,,,NNP,지명,T,지하철,*,*,*,도봉산역,*
도원,,,,NNP,지명,T,지하철,*,*,*,도원역,*
도화,,,,NNP,지명,T,지하철,*,*,*,도화역,*
독산,,,,NNP,지명,T,지하철,*,*,*,독산역,*
동대문,,,,NNP,지명,T,지하철,*,*,*,동대문역,*
동두천,,,,NNP,지명,T,지하철,*,*,*,동두천역,*
동두천중앙,,,,NNP,지명,T,지하철,*,*,*,동두천중앙역,*
동묘앞,,,,NNP,지명,T,지하철,*,*,*,동묘앞역,*
동암,,,,NNP,지명,T,지하철,*,*,*,동암역,*
동인천,,,,NNP,지명,T,지하철,*,*,*,동인천역,*
두정,,,,NNP,지명,T,지하철,*,*,*,두정역,*
망월사,,,,NNP,지명,T,지하철,*,*,*,망월사역,*
명학,,,,NNP,지명,T,지하철,*,*,*,명학역,*
방학,,,,NNP,지명,T,지하철,*,*,*,방학역,*
배방,,,,NNP,지명,T,지하철,*,*,*,배방역,*
백운,,,,NNP,지명,T,지하철,*,*,*,백운역,*
병점,,,,NNP,지명,T,지하철,*,*,*,병점역,*
보산,,,,NNP,지명,T,지하철,*,*,*,보산역,*
봉명,,,,NNP,지명,T,지하철,*,*,*,보명역,*
부개,,,,NNP,지명,T,지하철,*,*,*,부개역,*
부천,,,,NNP,지명,T,지하철,*,*,*,부천역,*
부평,,,,NNP,지명,T,지하철,*,*,*,부평역,*
서동탄,,,,NNP,지명,T,지하철,*,*,*,서동탄역,*
서울,,,,NNP,지명,T,지하철,*,*,*,서울역,*
서정리,,,,NNP,지명,T,지하철,*,*,*,서정리역,*
석계,,,,NNP,지명,T,지하철,*,*,*,석계역,*
석수,,,,NNP,지명,T,지하철,*,*,*,석수역,*
성균관대,,,,NNP,지명,T,지하철,*,*,*,성균관대역,*
성환,,,,NNP,지명,T,지하철,*,*,*,성환역,*
세류,,,,NNP,지명,F,지하철,*,*,*,세류역,*
세마,,,,NNP,지명,F,지하철,*,*,*,세마역,*
소사,,,,NNP,지명,F,지하철,*,*,*,소사역,*
소요산,,,,NNP,지명,T,지하철,*,*,*,소요산역,*
송내,,,,NNP,지명,T,지하철,*,*,*,송내역,*
송탄,,,,NNP,지명,T,지하철,*,*,*,송탄역,*
수원,,,,NNP,지명,T,지하철,*,*,*,수원역,*
시청,,,,NNP,지명,T,지하철,*,*,*,시청역,*
신길,,,,NNP,지명,T,지하철,*,*,*,신길역,*
신도림,,,,NNP,지명,T,지하철,*,*,*,신도림역,*
신설동,,,,NNP,지명,T,지하철,*,*,*,신설동역,*
신이문,,,,NNP,지명,T,지하철,*,*,*,신이문역,*
신창,,,,NNP,지명,T,지하철,*,*,*,신창역,*
쌍용(나사렛대),,,,NNP,지명,T,지하철,*,*,*,쌍용(나사렛대)역,*
쌍용,,,,NNP,지명,T,지하철,*,*,*,쌍용(나사렛대)역,*
나사렛대,,,,NNP,지명,T,지하철,*,*,*,쌍용(나사렛대)역,*
아산,,,,NNP,지명,T,지하철,*,*,*,아산역,*
안양,,,,NNP,지명,T,지하철,*,*,*,안양역,*
양주,,,,NNP,지명,T,지하철,*,*,*,양주역,*
역곡,,,,NNP,지명,T,지하철,*,*,*,역곡역,*
영등포,,,,NNP,지명,T,지하철,*,*,*,영등포역,*
오류동,,,,NNP,지명,T,지하철,*,*,*,오류동역,*
오산,,,,NNP,지명,T,지하철,*,*,*,오산역,*
오산대,,,,NNP,지명,T,지하철,*,*,*,오산대역,*
온수,,,,NNP,지명,T,지하철,*,*,*,온수역,*
온양온천,,,,NNP,지명,T,지하철,*,*,*,온양온천역,*
외대앞,,,,NNP,지명,T,지하철,*,*,*,외대앞역,*
외대역,,,-100,NNP,지명,T,지하철,*,*,*,외대앞역,*
용산,,,,NNP,지명,T,지하철,*,*,*,용산역,*
월계,,,,NNP,지명,T,지하철,*,*,*,월계역,*
의왕,,,,NNP,지명,T,지하철,*,*,*,의왕역,*
의정부,,,,NNP,지명,T,지하철,*,*,*,의정부역,*
인천,,,,NNP,지명,T,지하철,*,*,*,인천역,*
제기동,,,,NNP,지명,T,지하철,*,*,*,제기동역,*
제물포,,,,NNP,지명,T,지하철,*,*,*,제물포역,*
종각,,,,NNP,지명,T,지하철,*,*,*,종각역,*
종로3가,,,,NNP,지명,T,지하철,*,*,*,종로3가역,*
종로5가,,,,NNP,지명,T,지하철,*,*,*,종로5가역,*
주안,,,,NNP,지명,T,지하철,*,*,*,주안역,*
중동,,,,NNP,지명,T,지하철,*,*,*,중동역,*
지제,,,,NNP,지명,F,지하철,*,*,*,지제역,*
지행,,,,NNP,지명,T,지하철,*,*,*,지행역,*
직산,,,,NNP,지명,T,지하철,*,*,*,직산역,*
진위,,,,NNP,지명,T,지하철,*,*,*,진위역,*
창동,,,,NNP,지명,T,지하철,*,*,*,창동역,*
천안,,,,NNP,지명,T,지하철,*,*,*,천안역,*
청량리,,,,NNP,지명,T,지하철,*,*,*,청량리역,*
평택,,,,NNP,지명,T,지하철,*,*,*,평택역,*
화서,,,,NNP,지명,F,지하철,*,*,*,화서역,*
회기,,,,NNP,지명,F,지하철,*,*,*,회기역,*
회룡,,,,NNP,지명,T,지하철,*,*,*,회룡역,*
용답,,,,NNP,지명,T,지하철,*,*,*,용답역,*
신답,,,,NNP,지명,T,지하철,*,*,*,신답역,*
용두,,,,NNP,지명,T,지하철,*,*,*,용두역,*
신설동,,,,NNP,지명,T,지하철,*,*,*,신설동역,*
시청,,,,NNP,지명,T,지하철,*,*,*,시청역,*
을지로입구,,,,NNP,지명,T,지하철,*,*,*,을지로입구역,*
을지로3가,,,,NNP,지명,T,지하철,*,*,*,을지로3가역,*
을지로4가,,,,NNP,지명,T,지하철,*,*,*,을지로4가역,*
동대문역사문화공원,,,,NNP,지명,T,지하철,*,*,*,동대문역사문화공원역,*
동역사,,,,NNP,지명,T,지하철,*,*,*,동대문역사문화공원역,*
신당,,,,NNP,지명,T,지하철,*,*,*,신당역,*
상왕십리,,,,NNP,지명,T,지하철,*,*,*,상왕십리역,*
왕십리,,,,NNP,지명,T,지하철,*,*,*,왕십리역,*
한양대,,,,NNP,지명,T,지하철,*,*,*,한양대역,*
뚝섬,,,,NNP,지명,T,지하철,*,*,*,뚝섬역,*
성수,,,,NNP,지명,T,지하철,*,*,*,성수역,*
건대입구,,,,NNP,지명,T,지하철,*,*,*,건대입구역,*
구의,,,,NNP,지명,F,지하철,*,*,*,구의역,*
강변,,,,NNP,지명,T,지하철,*,*,*,강변역,*
잠실,,,-100,NNP,지명,T,지하철,*,*,*,잠실역,*
잠실나루,,,,NNP,지명,T,지하철,*,*,*,잠실나루역,*
신천,,,-100,NNP,지명,T,지하철,*,*,*,잠실새내역,*
잠실새내,,,,NNP,지명,T,지하철,*,*,*,잠실새내역,*
종합운동장,,,,NNP,지명,T,지하철,*,*,*,종합운동장역,*
삼성,,,-100,NNP,지명,T,지하철,*,*,*,삼성역,*
선릉,,,-100,NNP,지명,T,지하철,*,*,*,선릉역,*
역삼,,,-100,NNP,지명,T,지하철,*,*,*,역삼역,*
강남,,,-100,NNP,지명,T,지하철,*,*,*,강남역,*
교대,,,-100,NNP,지명,F,지하철,*,*,*,교대역,*
서초,,,,NNP,지명,F,지하철,*,*,*,서초역,*
방배,,,-100,NNP,지명,T,지하철,*,*,*,방배역,*
사당,,,-100,NNP,지명,T,지하철,*,*,*,사당역,*
낙성대,,,,NNP,지명,T,지하철,*,*,*,낙성대역,*
서울대입구,,,,NNP,지명,T,지하철,*,*,*,서울대입구역,*
봉천,,,,NNP,지명,T,지하철,*,*,*,봉천역,*
신림,,,-100,NNP,지명,T,지하철,*,*,*,신림역,*
신대방,,,,NNP,지명,T,지하철,*,*,*,신대방역,*
구로디지털단지,,,,NNP,지명,T,지하철,*,*,*,구로디지털단지역,*
구디,,,,NNP,지명,T,지하철,*,*,*,구로디지털단지역,*
대림,,,,NNP,지명,T,지하철,*,*,*,대림역,*
신도림,,,,NNP,지명,T,지하철,*,*,*,신도림역,*
문래,,,,NNP,지명,T,지하철,*,*,*,문래역,*
영등포구청,,,,NNP,지명,T,지하철,*,*,*,영등포구청역,*
당산,,,,NNP,지명,T,지하철,*,*,*,당산역,*
합정,,,,NNP,지명,T,지하철,*,*,*,합정역,*
홍대입구,,,,NNP,지명,T,지하철,*,*,*,홍대입구역,*
신촌,,,,NNP,지명,T,지하철,*,*,*,신촌역,*
이대,,,,NNP,지명,F,지하철,*,*,*,이대역,*
아현,,,,NNP,지명,T,지하철,*,*,*,아현역,*
충정로,,,,NNP,지명,T,지하철,*,*,*,충정로역,*
도림천,,,,NNP,지명,T,지하철,*,*,*,도림천역,*
양천구청,,,,NNP,지명,T,지하철,*,*,*,양천구청역,*
신정네거리,,,,NNP,지명,T,지하철,*,*,*,신정네거리역,*
까치산,,,,NNP,지명,T,지하철,*,*,*,까치산역,*
삼송,,,,NNP,지명,T,지하철,*,*,*,삼송역,*
지축,,,,NNP,지명,T,지하철,*,*,*,지축역,*
구파발,,,,NNP,지명,T,지하철,*,*,*,구파발역,*
연신내,,,,NNP,지명,T,지하철,*,*,*,연신내역,*
불광,,,,NNP,지명,T,지하철,*,*,*,불광역,*
녹번,,,,NNP,지명,T,지하철,*,*,*,녹번역,*
홍제,,,,NNP,지명,T,지하철,*,*,*,홍제역,*
무악재,,,,NNP,지명,T,지하철,*,*,*,무악재역,*
독립문,,,,NNP,지명,T,지하철,*,*,*,독립문역,*
경복궁,,,-100,NNP,지명,T,지하철,*,*,*,경복궁역,*
안국,,,,NNP,지명,T,지하철,*,*,*,안국역,*
종로3가,,,,NNP,지명,T,지하철,*,*,*,종로3가역,*
을지로3가,,,,NNP,지명,T,지하철,*,*,*,을지로3가역,*
동대입구,,,,NNP,지명,T,지하철,*,*,*,동대입구역,*
약수,,,,NNP,지명,T,지하철,*,*,*,약수역,*
금호,,,,NNP,지명,T,지하철,*,*,*,금호역,*
옥수,,,,NNP,지명,T,지하철,*,*,*,옥수역,*
압구정,,,-100,NNP,지명,T,지하철,*,*,*,압구정역,*
신사,,,-100,NNP,지명,T,지하철,*,*,*,신사역,*
잠원,,,,NNP,지명,T,지하철,*,*,*,잠원역,*
고속터미널,,,-100,NNP,지명,T,지하철,*,*,*,고속터미널역,*
고속버스터미널,,,-100,NNP,지명,T,지하철,*,*,*,고속터미널역,*
고터,,,,NNP,지명,T,지하철,*,*,*,고속터미널역,*
교대,,,,NNP,지명,F,지하철,*,*,*,교대역,*
남부터미널,,,,NNP,지명,T,지하철,*,*,*,남부터미널역,*
양재,,,,NNP,지명,T,지하철,*,*,*,양재역,*
매봉,,,,NNP,지명,T,지하철,*,*,*,매봉역,*
도곡,,,,NNP,지명,T,지하철,*,*,*,도곡역,*
대치,,,,NNP,지명,F,지하철,*,*,*,대치역,*
학여울,,,,NNP,지명,T,지하철,*,*,*,학여울역,*
대청,,,,NNP,지명,T,지하철,*,*,*,대청역,*
일원,,,,NNP,지명,T,지하철,*,*,*,일원역,*
수서,,,,NNP,지명,F,지하철,*,*,*,수서역,*
경찰병원,,,,NNP,지명,T,지하철,*,*,*,경찰병원역,*
오금,,,,NNP,지명,T,지하철,*,*,*,오금역,*
충무로,,,,NNP,지명,T,지하철,*,*,*,충무로역,*
가락시장,,,,NNP,지명,T,지하철,*,*,*,가락시장역,*
백석,,,,NNP,지명,T,지하철,*,*,*,백석역,*
마두,,,,NNP,지명,T,지하철,*,*,*,마두역,*
정발산,,,,NNP,지명,T,지하철,*,*,*,정발산역,*
주엽,,,,NNP,지명,T,지하철,*,*,*,주엽역,*
대화,,,,NNP,지명,F,지하철,*,*,*,대화역,*
대곡,,,,NNP,지명,T,지하철,*,*,*,대곡역,*
원당,,,,NNP,지명,T,지하철,*,*,*,원당역,*
화정,,,,NNP,지명,T,지하철,*,*,*,화정역,*
과천,,,,NNP,지명,T,지하철,*,*,*,과천역,*
선바위,,,,NNP,지명,T,지하철,*,*,*,선바위역,*
대공원,,,,NNP,지명,T,지하철,*,*,*,대공원역,*
경마공원,,,,NNP,지명,T,지하철,*,*,*,경마공원역,*
정부과천청사,,,,NNP,지명,T,지하철,*,*,*,정부과천청사역,*
정과청사,,,,NNP,지명,T,지하철,*,*,*,정부과천청사역,*
당고개,,,,NNP,지명,T,지하철,*,*,*,당고개역,*
상계,,,,NNP,지명,T,지하철,*,*,*,상계역,*
노원,,,,NNP,지명,T,지하철,*,*,*,노원역,*
창동,,,,NNP,지명,T,지하철,*,*,*,창동역,*
쌍문,,,,NNP,지명,T,지하철,*,*,*,쌍문역,*
수유,,,,NNP,지명,F,지하철,*,*,*,수유역,*
미아,,,,NNP,지명,F,지하철,*,*,*,미아역,*
미아사거리,,,,NNP,지명,F,지하철,*,*,*,미아사거리역,*
길음,,,,NNP,지명,T,지하철,*,*,*,길음역,*
성신여대입구,,,,NNP,지명,T,지하철,*,*,*,성신여대입구역,*
한성대입구,,,,NNP,지명,T,지하철,*,*,*,한성대입구역,*
혜화,,,,NNP,지명,F,지하철,*,*,*,혜화역,*
동대문,,,,NNP,지명,T,지하철,*,*,*,동대문역,*
충무로,,,,NNP,지명,T,지하철,*,*,*,충무로역,*
명동,,,-100,NNP,지명,T,지하철,*,*,*,명동역,*
회현,,,,NNP,지명,T,지하철,*,*,*,회현역,*
서울,,,,NNP,지명,T,지하철,*,*,*,서울역,*
숙대입구,,,,NNP,지명,T,지하철,*,*,*,숙대입구역,*
삼각지,,,-100,NNP,지명,T,지하철,*,*,*,삼각지역,*
신용산,,,,NNP,지명,T,지하철,*,*,*,신용산역,*
이촌,,,,NNP,지명,T,지하철,*,*,*,이촌역,*
동작,,,,NNP,지명,T,지하철,*,*,*,동작역,*
총신대입구(이수),,,,NNP,지명,T,지하철,*,*,*,총신대입구(이수)역,*
총신대입구,,,,NNP,지명,T,지하철,*,*,*,총신대입구(이수)역,*
이수,,,,NNP,지명,F,지하철,*,*,*,총신대입구(이수)역,*
사당,,,,NNP,지명,T,지하철,*,*,*,사당역,*
남태령,,,,NNP,지명,T,지하철,*,*,*,남태령역,*
정왕,,,,NNP,지명,T,지하철,*,*,*,정왕역,*
오이도,,,,NNP,지명,F,지하철,*,*,*,오이도역,*
평촌,,,,NNP,지명,T,지하철,*,*,*,평촌역,*
범계,,,,NNP,지명,T,지하철,*,*,*,범계역,*
산본,,,,NNP,지명,T,지하철,*,*,*,산본역,*
금정,,,,NNP,지명,T,지하철,*,*,*,금정역,*
수리산,,,,NNP,지명,T,지하철,*,*,*,수리산역,*
한대앞,,,,NNP,지명,T,지하철,*,*,*,한대앞역,*
상록수,,,,NNP,지명,T,지하철,*,*,*,상록수역,*
인덕원,,,,NNP,지명,T,지하철,*,*,*,인덕원역,*
대야미,,,,NNP,지명,T,지하철,*,*,*,대야미역,*
반월,,,,NNP,지명,T,지하철,*,*,*,반월역,*
초지,,,,NNP,지명,T,지하철,*,*,*,초지역,*
고잔,,,,NNP,지명,T,지하철,*,*,*,고잔역,*
중앙,,,,NNP,지명,T,지하철,*,*,*,중앙역,*
신길온천,,,,NNP,지명,T,지하철,*,*,*,신길온천역,*
안산,,,,NNP,지명,T,지하철,*,*,*,안산역,*
방화,,,,NNP,지명,T,지하철,*,*,*,방화역,*
개화산,,,,NNP,지명,T,지하철,*,*,*,개화산역,*
김포공항,,,,NNP,지명,T,지하철,*,*,*,김포공항역,*
송정,,,,NNP,지명,T,지하철,*,*,*,송정역,*
마곡,,,,NNP,지명,T,지하철,*,*,*,마곡역,*
발산,,,,NNP,지명,T,지하철,*,*,*,발산역,*
우장산,,,,NNP,지명,T,지하철,*,*,*,우장산역,*
화곡,,,,NNP,지명,T,지하철,*,*,*,화곡역,*
까치산,,,,NNP,지명,T,지하철,*,*,*,까치산역,*
신정,,,,NNP,지명,T,지하철,*,*,*,신정역,*
목동,,,,NNP,지명,T,지하철,*,*,*,목동역,*
오목교,,,,NNP,지명,T,지하철,*,*,*,오목교역,*
양평,,,,NNP,지명,T,지하철,*,*,*,양평역,*
영등포구청,,,,NNP,지명,T,지하철,*,*,*,영등포구청역,*
영등포시장,,,,NNP,지명,T,지하철,*,*,*,영등포시장역,*
신길,,,,NNP,지명,T,지하철,*,*,*,신길역,*
여의도,,,,NNP,지명,F,지하철,*,*,*,여의도역,*
여의나루,,,,NNP,지명,F,지하철,*,*,*,여의나루역,*
마포,,,,NNP,지명,F,지하철,*,*,*,마포역,*
공덕,,,-100,NNP,지명,T,지하철,*,*,*,공덕역,*
애오개,,,-100,NNP,지명,F,지하철,*,*,*,애오개역,*
충정로,,,-100,NNP,지명,T,지하철,*,*,*,충정로역,*
서대문,,,,NNP,지명,T,지하철,*,*,*,서대문역,*
광화문,,,,NNP,지명,T,지하철,*,*,*,광화문역,*
종로3가,,,,NNP,지명,T,지하철,*,*,*,종로3가역,*
을지로4가,,,,NNP,지명,T,지하철,*,*,*,을지로4가역,*
청구,,,,NNP,지명,T,지하철,*,*,*,청구역,*
신금호,,,,NNP,지명,T,지하철,*,*,*,신금호역,*
행당,,,,NNP,지명,T,지하철,*,*,*,행당역,*
왕십리,,,,NNP,지명,T,지하철,*,*,*,왕십리역,*
마장,,,,NNP,지명,T,지하철,*,*,*,마장역,*
답십리,,,,NNP,지명,T,지하철,*,*,*,답십리역,*
장한평,,,,NNP,지명,T,지하철,*,*,*,장한평역,*
군자,,,,NNP,지명,T,지하철,*,*,*,군자역,*
아차산,,,,NNP,지명,T,지하철,*,*,*,아차산역,*
광나루,,,,NNP,지명,T,지하철,*,*,*,광나루역,*
천호,,,,NNP,지명,T,지하철,*,*,*,천호역,*
강동,,,,NNP,지명,T,지하철,*,*,*,강동역,*
길동,,,,NNP,지명,T,지하철,*,*,*,길동역,*
굽은다리,,,,NNP,지명,T,지하철,*,*,*,굽은다리역,*
명일,,,,NNP,지명,T,지하철,*,*,*,명일역,*
고덕,,,,NNP,지명,T,지하철,*,*,*,고덕역,*
상일동,,,,NNP,지명,T,지하철,*,*,*,상일동역,*
둔촌동,,,,NNP,지명,T,지하철,*,*,*,둔촌동역,*
올림픽공원,,,,NNP,지명,T,지하철,*,*,*,올림픽공원역,*
방이,,,,NNP,지명,T,지하철,*,*,*,방이역,*
개롱,,,,NNP,지명,T,지하철,*,*,*,개롱역,*
거여,,,,NNP,지명,F,지하철,*,*,*,거여역,*
마천,,,,NNP,지명,T,지하철,*,*,*,마천역,*
오금,,,,NNP,지명,T,지하철,*,*,*,오금역,*
응암,,,,NNP,지명,T,지하철,*,*,*,응암역,*
역촌,,,,NNP,지명,T,지하철,*,*,*,역촌역,*
불광,,,,NNP,지명,T,지하철,*,*,*,불광역,*
독바위,,,,NNP,지명,T,지하철,*,*,*,독바위역,*
구산,,,,NNP,지명,T,지하철,*,*,*,구산역,*
새절,,,,NNP,지명,T,지하철,*,*,*,새절역,*
증산,,,,NNP,지명,T,지하철,*,*,*,증산역,*
디지털미디어시티,,,,NNP,지명,T,지하철,*,*,*,디지털미디어시티역,*
월드컵경기장,,,,NNP,지명,T,지하철,*,*,*,월드컵경기장역,*
마포구청,,,,NNP,지명,T,지하철,*,*,*,마포구청역,*
망원,,,,NNP,지명,T,지하철,*,*,*,망원역,*
합정,,,,NNP,지명,T,지하철,*,*,*,합정역,*
상수,,,,NNP,지명,T,지하철,*,*,*,상수역,*
광흥창,,,,NNP,지명,T,지하철,*,*,*,광흥창역,*
대흥,,,,NNP,지명,T,지하철,*,*,*,대흥역,*
효창공원앞,,,,NNP,지명,T,지하철,*,*,*,효창공원앞역,*
녹사평,,,,NNP,지명,T,지하철,*,*,*,녹사평역,*
이태원,,,-100,NNP,지명,T,지하철,*,*,*,이태원역,*
한강진,,,,NNP,지명,T,지하철,*,*,*,한강진역,*
버티고개,,,,NNP,지명,F,지하철,*,*,*,버티고개역,*
약수,,,,NNP,지명,T,지하철,*,*,*,약수역,*
신당,,,,NNP,지명,T,지하철,*,*,*,신당역,*
동묘앞,,,,NNP,지명,T,지하철,*,*,*,동묘앞역,*
창신,,,,NNP,지명,T,지하철,*,*,*,창신역,*
보문,,,,NNP,지명,T,지하철,*,*,*,보문역,*
안암,,,,NNP,지명,T,지하철,*,*,*,안암역,*
고려대,,,,NNP,지명,T,지하철,*,*,*,고려대역,*
월곡,,,,NNP,지명,T,지하철,*,*,*,월곡역,*
상월곡,,,,NNP,지명,T,지하철,*,*,*,상월곡역,*
돌곶이,,,,NNP,지명,T,지하철,*,*,*,돌곶이역,*
석계,,,,NNP,지명,T,지하철,*,*,*,석계역,*
태릉입구,,,,NNP,지명,T,지하철,*,*,*,태릉입구역,*
화랑대,,,,NNP,지명,T,지하철,*,*,*,화랑대역,*
봉화산,,,,NNP,지명,T,지하철,*,*,*,봉화산역,*
청구,,,,NNP,지명,T,지하철,*,*,*,청구역,*
연신내,,,,NNP,지명,T,지하철,*,*,*,연신내역,*
장암,,,,NNP,지명,T,지하철,*,*,*,장암역,*
도봉산,,,,NNP,지명,T,지하철,*,*,*,도봉산역,*
수락산,,,,NNP,지명,T,지하철,*,*,*,수락산역,*
마들,,,,NNP,지명,T,지하철,*,*,*,마들역,*
노원,,,,NNP,지명,T,지하철,*,*,*,노원역,*
중계,,,,NNP,지명,T,지하철,*,*,*,중계역,*
하계,,,,NNP,지명,F,지하철,*,*,*,하계역,*
공릉,,,,NNP,지명,T,지하철,*,*,*,공릉역,*
먹골,,,,NNP,지명,T,지하철,*,*,*,먹골역,*
중화,,,,NNP,지명,T,지하철,*,*,*,중화역,*
상봉,,,,NNP,지명,T,지하철,*,*,*,상봉역,*
면목,,,,NNP,지명,T,지하철,*,*,*,면목역,*
사가정,,,,NNP,지명,T,지하철,*,*,*,사가정역,*
용마산,,,,NNP,지명,T,지하철,*,*,*,용마산역,*
중곡,,,,NNP,지명,T,지하철,*,*,*,중곡역,*
어린이대공원,,,,NNP,지명,T,지하철,*,*,*,어린이대공원역,*
건대입구,,,,NNP,지명,T,지하철,*,*,*,건대입구역,*
뚝섬유원지,,,,NNP,지명,T,지하철,*,*,*,뚝섬유원지역,*
청담,,,,NNP,지명,T,지하철,*,*,*,청담역,*
강남구청,,,,NNP,지명,T,지하철,*,*,*,강남구청역,*
학동,,,,NNP,지명,T,지하철,*,*,*,학동역,*
논현,,,,NNP,지명,T,지하철,*,*,*,논현역,*
반포,,,,NNP,지명,T,지하철,*,*,*,반포역,*
내방,,,,NNP,지명,T,지하철,*,*,*,내방역,*
남성,,,,NNP,지명,T,지하철,*,*,*,남성역,*
숭실대입구,,,,NNP,지명,T,지하철,*,*,*,숭실대입구역,*
상도,,,,NNP,지명,T,지하철,*,*,*,상도역,*
장승배기,,,,NNP,지명,T,지하철,*,*,*,장승배기역,*
신대방삼거리,,,,NNP,지명,T,지하철,*,*,*,신대방삼거리역,*
보라매,,,,NNP,지명,F,지하철,*,*,*,보라매역,*
신풍,,,,NNP,지명,T,지하철,*,*,*,신풍역,*
대림,,,,NNP,지명,T,지하철,*,*,*,대림역,*
남구로,,,,NNP,지명,T,지하철,*,*,*,남구로역,*
철산,,,,NNP,지명,T,지하철,*,*,*,철산역,*
광명사거리,,,,NNP,지명,T,지하철,*,*,*,광명사거리역,*
천왕,,,,NNP,지명,T,지하철,*,*,*,천왕역,*
온수,,,,NNP,지명,T,지하철,*,*,*,온수역,*
까치울,,,,NNP,지명,T,지하철,*,*,*,까치울역,*
부천종합운동장,,,,NNP,지명,T,지하철,*,*,*,부천종합운동장역,*
춘의,,,,NNP,지명,T,지하철,*,*,*,춘의역,*
신중동,,,,NNP,지명,T,지하철,*,*,*,신중동역,*
부천시청,,,,NNP,지명,T,부천시장,*,*,*,부천시장역,*
상동,,,,NNP,지명,T,지하철,*,*,*,상동역,*
삼산체육관,,,,NNP,지명,T,지하철,*,*,*,삼산체육관역,*
굴포천,,,,NNP,지명,T,지하철,*,*,*,굴포천역,*
부평구청,,,,NNP,지명,T,지하철,*,*,*,부평구청역,*
군자,,,,NNP,지명,T,지하철,*,*,*,군자역,*
암사,,,,NNP,지명,T,지하철,*,*,*,암사역,*
강동구청,,,,NNP,지명,T,지하철,*,*,*,강동구청역,*
몽촌토성,,,,NNP,지명,T,지하철,*,*,*,몽촌토성역,*
석촌,,,,NNP,지명,T,지하철,*,*,*,석촌역,*
송파,,,,NNP,지명,T,지하철,*,*,*,송파역,*
가락시장,,,,NNP,지명,T,지하철,*,*,*,가락시장역,*
문정,,,,NNP,지명,T,지하철,*,*,*,문정역,*
장지,,,,NNP,지명,T,지하철,*,*,*,장지역,*
복정,,,,NNP,지명,T,지하철,*,*,*,복정역,*
산성,,,,NNP,지명,T,지하철,*,*,*,산성역,*
남한산성입구,,,,NNP,지명,T,지하철,*,*,*,남한산성입구역,*
단대오거리,,,,NNP,지명,T,지하철,*,*,*,단대오거리역,*
신흥,,,,NNP,지명,T,지하철,*,*,*,신흥역,*
수진,,,,NNP,지명,T,지하철,*,*,*,수진역,*
모란,,,,NNP,지명,T,지하철,*,*,*,모란역,*
천호,,,,NNP,지명,T,지하철,*,*,*,천호역,*
개화,,,,NNP,지명,T,지하철,*,*,*,개화역,*
김포공항,,,,NNP,지명,T,지하철,*,*,*,김포공항역,*
공항시장,,,,NNP,지명,T,지하철,*,*,*,공항시장역,*
신방화,,,,NNP,지명,T,지하철,*,*,*,신방화역,*
마곡나루,,,,NNP,지명,T,지하철,*,*,*,마곡나루역,*
양천향교,,,,NNP,지명,T,지하철,*,*,*,양천향교역,*
가양,,,,NNP,지명,T,지하철,*,*,*,가양역,*
증미,,,,NNP,지명,T,지하철,*,*,*,증미역,*
등촌,,,,NNP,지명,T,지하철,*,*,*,등촌역,*
염창,,,,NNP,지명,T,지하철,*,*,*,염창역,*
신목동,,,,NNP,지명,T,지하철,*,*,*,신목동역,*
선유도,,,,NNP,지명,T,지하철,*,*,*,선유도역,*
당산,,,,NNP,지명,T,지하철,*,*,*,당산역,*
국회의사당,,,,NNP,지명,T,지하철,*,*,*,국회의사당역,*
여의도,,,,NNP,지명,F,지하철,*,*,*,여의도역,*
샛강,,,,NNP,지명,T,지하철,*,*,*,샛강역,*
노들,,,,NNP,지명,T,지하철,*,*,*,노들역,*
흑석,,,,NNP,지명,T,지하철,*,*,*,흑석역,*
동작,,,,NNP,지명,T,지하철,*,*,*,동작역,*
구반포,,,,NNP,지명,T,지하철,*,*,*,구반포역,*
신반포,,,,NNP,지명,T,지하철,*,*,*,신반포역,*
사평,,,,NNP,지명,T,지하철,*,*,*,사평역,*
신논현,,,,NNP,지명,T,지하철,*,*,*,신논현역,*
홍대입구,,,,NNP,지명,T,지하철,*,*,*,홍대입구역,*
김포공항,,,,NNP,지명,T,지하철,*,*,*,김포공항역,*
계양,,,,NNP,지명,T,지하철,*,*,*,계양역,*
검암,,,,NNP,지명,T,지하철,*,*,*,검암역,*
운서,,,,NNP,지명,T,지하철,*,*,*,운서역,*
공항화물청사,,,,NNP,지명,T,지하철,*,*,*,공항화물청사역,*
인천국제공항,,,,NNP,지명,T,지하철,*,*,*,인천국제공항역,*
청라국제도시,,,,NNP,지명,T,지하철,*,*,*,청라국제도시역,*
수서,,,,NNP,지명,F,지하철,*,*,*,수서역,*
왕십리,,,,NNP,지명,T,지하철,*,*,*,왕십리역,*
개포동,,,,NNP,지명,T,지하철,*,*,*,개포동역,*
대모산입구,,,,NNP,지명,T,지하철,*,*,*,대모산입구역,*
복정,,,,NNP,지명,T,지하철,*,*,*,복정역,*
신갈,,,,NNP,지명,T,지하철,*,*,*,신갈역,*
서울숲,,,-100,NNP,지명,T,지하철,*,*,*,서울숲역,*
강남구청,,,,NNP,지명,T,지하철,*,*,*,강남구청역,*
선릉,,,,NNP,지명,T,지하철,*,*,*,선릉역,*
한티,,,,NNP,지명,T,지하철,*,*,*,한티역,*
도곡,,,,NNP,지명,T,지하철,*,*,*,도곡역,*
구룡,,,,NNP,지명,T,지하철,*,*,*,구룡역,*
망포,,,,NNP,지명,T,지하철,*,*,*,망포역,*
보정,,,,NNP,지명,T,지하철,*,*,*,보정역,*
구성,,,,NNP,지명,T,지하철,*,*,*,구성역,*
기흥,,,,NNP,지명,T,지하철,*,*,*,기흥역,*
야탑,,,,NNP,지명,T,지하철,*,*,*,야탑역,*
서현,,,,NNP,지명,T,지하철,*,*,*,서현역,*
오리,,,,NNP,지명,F,지하철,*,*,*,오리역,*
정자,,,,NNP,지명,T,지하철,*,*,*,정자역,*
미금,,,,NNP,지명,T,지하철,*,*,*,미금역,*
수내,,,,NNP,지명,F,지하철,*,*,*,수내역,*
모란,,,,NNP,지명,T,지하철,*,*,*,모란역,*
태평,,,,NNP,지명,T,지하철,*,*,*,태평역,*
가천대,,,,NNP,지명,T,지하철,*,*,*,가천대역,*
이매,,,,NNP,지명,F,지하철,*,*,*,이매역,*
죽전,,,,NNP,지명,T,지하철,*,*,*,죽전역,*
매교,,,,NNP,지명,F,지하철,*,*,*,매교역,*
매탄권선,,,,NNP,지명,T,지하철,*,*,*,매탄권선역,*
상갈,,,,NNP,지명,T,지하철,*,*,*,상갈역,*
선정릉,,,,NNP,지명,T,지하철,*,*,*,선정릉역,*
수원,,,,NNP,지명,T,지하철,*,*,*,수원역,*
수원시청,,,,NNP,지명,T,지하철,*,*,*,수원시청역,*
압구정로데오,,,,NNP,지명,T,지하철,*,*,*,압구정로데오역,*
영통,,,,NNP,지명,T,지하철,*,*,*,영통역,*
청명,,,,NNP,지명,T,지하철,*,*,*,청명역,*
상봉,,,,NNP,지명,T,지하철,*,*,*,상봉역,*
망우,,,,NNP,지명,F,지하철,*,*,*,망우역,*
광운대,,,,NNP,지명,T,지하철,*,*,*,광운대역,*
퇴계원,,,,NNP,지명,T,지하철,*,*,*,퇴계원역,*
사릉,,,,NNP,지명,T,지하철,*,*,*,사릉역,*
가평,,,,NNP,지명,T,지하철,*,*,*,가평역,*
청평,,,,NNP,지명,T,지하철,*,*,*,청평역,*
대성리,,,,NNP,지명,T,지하철,*,*,*,대성리역,*
상천,,,,NNP,지명,T,지하철,*,*,*,상천역,*
금곡,,,,NNP,지명,T,지하철,*,*,*,금곡역,*
평내호평,,,,NNP,지명,T,지하철,*,*,*,평내호평역,*
마석,,,,NNP,지명,T,지하철,*,*,*,마석역,*
춘천,,,,NNP,지명,T,지하철,*,*,*,춘천역,*
굴봉산,,,,NNP,지명,T,지하철,*,*,*,굴봉산역,*
남춘천,,,,NNP,지명,T,지하철,*,*,*,남춘천역,*
김유정,,,,NNP,지명,T,지하철,*,*,*,김유정역,*
강촌,,,,NNP,지명,T,지하철,*,*,*,강촌역,*
백양리,,,,NNP,지명,T,지하철,*,*,*,백양리역,*
갈매,,,,NNP,지명,T,지하철,*,*,*,갈매역,*
별내,,,,NNP,지명,T,지하철,*,*,*,별내역,*
신내,,,,NNP,지명,T,지하철,*,*,*,신내역,*
천마산,,,,NNP,지명,T,지하철,*,*,*,천마산역,*
간석오거리,,,,NNP,지명,T,지하철,*,*,*,간석오거리역,*
인천시청,,,,NNP,지명,T,지하철,*,*,*,인천시청역,*
예술회관,,,,NNP,지명,T,지하철,*,*,*,예술회관역,*
인천터미널,,,,NNP,지명,T,지하철,*,*,*,인천터미널역,*
문학경기장,,,,NNP,지명,T,지하철,*,*,*,문학경기장역,*
캠퍼스타운,,,,NNP,지명,T,지하철,*,*,*,캠퍼스타운역,*
테크노파크,,,,NNP,지명,F,지하철,*,*,*,테크노파크역,*
지식정보단지,,,,NNP,지명,T,지하철,*,*,*,지식정보단지역,*
인천대입구,,,,NNP,지명,T,지하철,*,*,*,인천대입구역,*
센트럴파크,,,,NNP,지명,T,지하철,*,*,*,센트럴파크역,*
국제업무지구,,,,NNP,지명,T,지하철,*,*,*,국제업무지구역,*
갈산,,,,NNP,지명,T,지하철,*,*,*,갈산역,*
부평시장,,,,NNP,지명,T,지하철,*,*,*,부평시장역,*
부평,,,,NNP,지명,T,지하철,*,*,*,부평역,*
귤현,,,,NNP,지명,T,지하철,*,*,*,귤현역,*
동수,,,,NNP,지명,T,지하철,*,*,*,동수역,*
부평삼거리,,,,NNP,지명,T,지하철,*,*,*,부평삼거리역,*
박촌,,,,NNP,지명,T,지하철,*,*,*,박촌역,*
임학,,,,NNP,지명,T,지하철,*,*,*,임학역,*
작전,,,,NNP,지명,T,지하철,*,*,*,작전역,*
계산,,,,NNP,지명,T,지하철,*,*,*,계산역,*
경인교대입구,,,,NNP,지명,T,지하철,*,*,*,경인교대입구역,*
계양,,,,NNP,지명,T,지하철,*,*,*,계양역,*
신연수,,,,NNP,지명,T,지하철,*,*,*,신연수역,*
동춘,,,,NNP,지명,T,지하철,*,*,*,동춘역,*
원인재,,,,NNP,지명,T,지하철,*,*,*,원인재역,*
동막,,,,NNP,지명,T,지하철,*,*,*,동막역,*
선학,,,,NNP,지명,T,지하철,*,*,*,선학역,*
응봉,,,,NNP,지명,T,지하철,*,*,*,응봉역,*
옥수,,,,NNP,지명,T,지하철,*,*,*,옥수역,*
청량리,,,,NNP,지명,T,지하철,*,*,*,청량리역,*
용산,,,,NNP,지명,T,지하철,*,*,*,용산역,*
망우,,,,NNP,지명,T,지하철,*,*,*,망우역,*
양원,,,,NNP,지명,T,지하철,*,*,*,양원역,*
중랑,,,,NNP,지명,T,지하철,*,*,*,중랑역,*
서빙고,,,,NNP,지명,T,지하철,*,*,*,서빙고역,*
이촌,,,,NNP,지명,T,지하철,*,*,*,이촌역,*
한남,,,,NNP,지명,T,지하철,*,*,*,한남역,*
회기,,,,NNP,지명,F,지하철,*,*,*,회기역,*
도심,,,,NNP,지명,T,지하철,*,*,*,도심역,*
구리,,,,NNP,지명,F,지하철,*,*,*,구리역,*
양정,,,,NNP,지명,T,지하철,*,*,*,양정역,*
도농,,,,NNP,지명,T,지하철,*,*,*,도농역,*
팔당,,,,NNP,지명,T,지하철,*,*,*,팔당역,*
운길산,,,,NNP,지명,T,지하철,*,*,*,운길산역,*
덕소,,,,NNP,지명,T,지하철,*,*,*,덕소역,*
아신,,,,NNP,지명,T,지하철,*,*,*,아신역,*
원덕,,,,NNP,지명,T,지하철,*,*,*,원덕역,*
신원,,,,NNP,지명,T,지하철,*,*,*,신원역,*
양수,,,,NNP,지명,T,지하철,*,*,*,양수역,*
국수,,,,NNP,지명,T,지하철,*,*,*,국수역,*
용문,,,,NNP,지명,T,지하철,*,*,*,용문역,*
오빈,,,,NNP,지명,T,지하철,*,*,*,오빈역,*
양평,,,,NNP,지명,T,지하철,*,*,*,양평역,*
화전,,,,NNP,지명,T,지하철,*,*,*,화전역,*
수색,,,,NNP,지명,T,지하철,*,*,*,수색역,*
신촌,,,,NNP,지명,T,지하철,*,*,*,신촌역,*
가좌,,,,NNP,지명,F,지하철,*,*,*,가좌역,*
홍대입구,,,,NNP,지명,T,지하철,*,*,*,홍대입구역,*
행신,,,,NNP,지명,T,지하철,*,*,*,행신역,*
백마,,,,NNP,지명,T,지하철,*,*,*,백마역,*
곡산,,,,NNP,지명,T,지하철,*,*,*,곡산역,*
금촌,,,,NNP,지명,T,지하철,*,*,*,금촌역,*
운정,,,,NNP,지명,T,지하철,*,*,*,운정역,*
금릉,,,,NNP,지명,T,지하철,*,*,*,금릉역,*
문산,,,,NNP,지명,T,지하철,*,*,*,문산역,*
파주,,,,NNP,지명,F,지하철,*,*,*,파주역,*
탄현,,,,NNP,지명,T,지하철,*,*,*,탄현역,*
월롱,,,,NNP,지명,T,지하철,*,*,*,월롱역,*
풍산,,,,NNP,지명,T,지하철,*,*,*,풍산역,*
대곡,,,,NNP,지명,T,지하철,*,*,*,대곡역,*
능곡,,,,NNP,지명,T,지하철,*,*,*,능곡역,*
일산,,,,NNP,지명,T,지하철,*,*,*,일산역,*
서강대,,,,NNP,지명,T,지하철,*,*,*,서강대역,*
강남,,,,NNP,지명,T,지하철,*,*,*,강남역,*
양재,,,,NNP,지명,T,지하철,*,*,*,양재역,*
양재시민의숲,,,,NNP,지명,T,지하철,*,*,*,양재시민의숲역,*
청계산입구,,,,NNP,지명,T,지하철,*,*,*,청계산입구역,*
판교,,,,NNP,지명,T,지하철,*,*,*,판교역,*
정자,,,,NNP,지명,T,지하철,*,*,*,정자역,*
오이도,,,,NNP,지명,F,지하철,*,*,*,오이도역,*
월곶,,,,NNP,지명,T,지하철,*,*,*,월곶역,*
소래포구,,,,NNP,지명,T,지하철,*,*,*,소래포구역,*
인천논현,,,,NNP,지명,T,지하철,*,*,*,인천논현역,*
호구포,,,,NNP,지명,F,지하철,*,*,*,호구포역,*
남동인더스파크,,,,NNP,지명,T,지하철,*,*,*,남동인더스파크역,*
원인재,,,,NNP,지명,T,지하철,*,*,*,원인재역,*
연수,,,,NNP,지명,T,지하철,*,*,*,연수역,*
송도,,,,NNP,지명,T,지하철,*,*,*,송도역,*
가능역,,,,NNP,지명,T,지하철,*,*,*,*,*
가산디지털단지역,,,,NNP,지명,T,지하철,*,*,*,*,*
가디역,,,,NNP,지명,T,지하철,*,*,*,*,*
간석역,,,,NNP,지명,T,지하철,*,*,*,*,*
개봉역,,,,NNP,지명,T,지하철,*,*,*,*,*
관악역,,,,NNP,지명,T,지하철,,*,*,*,*,*
광명역,,,,NNP,지명,T,지하철,*,*,*,*,*
광운대역,,,,NNP,지명,T,지하철,*,*,*,*,*
구로역,,,,NNP,지명,T,지하철,,*,*,*,*,*
구일역,,,,NNP,지명,T,지하철,*,*,*,*,*
군포역,,,,NNP,지명,T,지하철,*,*,*,*,*
금정역,,,,NNP,지명,T,지하철,*,*,*,*,*
금천구청역,,,,NNP,지명,T,지하철,*,*,*,*,*
남영역,,,,NNP,지명,T,지하철,*,*,*,*,*
노량진역,,,,NNP,지명,T,지하철,*,*,*,*,*
녹양역,,,,NNP,지명,T,지하철,*,*,*,*,*
녹천역,,,,NNP,지명,T,지하철,*,*,*,*,*
당정역,,,,NNP,지명,T,지하철,*,*,*,*,*
대방역,,,,NNP,지명,T,지하철,*,*,*,*,*
덕계역,,,,NNP,지명,T,지하철,*,*,*,*,*
덕정역,,,,NNP,지명,T,지하철,*,*,*,*,*
도봉역,,,,NNP,지명,T,지하철,*,*,*,*,*
도봉산역,,,,NNP,지명,T,지하철,*,*,*,*,*
도원역,,,,NNP,지명,T,지하철,*,*,*,*,*
도화역,,,,NNP,지명,T,지하철,*,*,*,*,*
독산역,,,,NNP,지명,T,지하철,*,*,*,*,*
동대문역,,,,NNP,지명,T,지하철,*,*,*,*,*
동두천역,,,,NNP,지명,T,지하철,*,*,*,*,*
동두천중앙역,,,,NNP,지명,T,지하철,*,*,*,*,*
동묘앞역,,,,NNP,지명,T,지하철,*,*,*,*,*
동암역,,,,NNP,지명,T,지하철,*,*,*,*,*
동인천역,,,,NNP,지명,T,지하철,*,*,*,*,*
두정역,,,,NNP,지명,T,지하철,*,*,*,*,*
망월사역,,,,NNP,지명,T,지하철,*,*,*,*,*
명학역,,,,NNP,지명,T,지하철,*,*,*,*,*
방학역,,,,NNP,지명,T,지하철,*,*,*,*,*
배방역,,,,NNP,지명,T,지하철,*,*,*,*,*
백운역,,,,NNP,지명,T,지하철,*,*,*,*,*
병점역,,,,NNP,지명,T,지하철,*,*,*,*,*
보산역,,,,NNP,지명,T,지하철,*,*,*,*,*
봉명역,,,,NNP,지명,T,지하철,*,*,*,*,*
부개역,,,,NNP,지명,T,지하철,*,*,*,*,*
부천역,,,,NNP,지명,T,지하철,*,*,*,*,*
부평역,,,,NNP,지명,T,지하철,*,*,*,*,*
서동탄역,,,,NNP,지명,T,지하철,*,*,*,*,*
서울역,,,,NNP,지명,T,지하철,*,*,*,*,*
서정리역,,,,NNP,지명,T,지하철,*,*,*,*,*
석계역,,,,NNP,지명,T,지하철,*,*,*,*,*
석수역,,,,NNP,지명,T,지하철,*,*,*,*,*
성균관대역,,,,NNP,지명,T,지하철,*,*,*,*,*
성환역,,,,NNP,지명,T,지하철,*,*,*,*,*
세류역,,,,NNP,지명,T,지하철,*,*,*,*,*
세마역,,,,NNP,지명,T,지하철,*,*,*,*,*
소사역,,,,NNP,지명,T,지하철,*,*,*,*,*
소요산역,,,,NNP,지명,T,지하철,*,*,*,*,*
송내역,,,,NNP,지명,T,지하철,*,*,*,*,*
송탄역,,,,NNP,지명,T,지하철,*,*,*,*,*
수원역,,,,NNP,지명,T,지하철,*,*,*,*,*
시청역,,,,NNP,지명,T,지하철,*,*,*,*,*
신길역,,,,NNP,지명,T,지하철,*,*,*,*,*
신도림역,,,,NNP,지명,T,지하철,*,*,*,*,*
신설동역,,,,NNP,지명,T,지하철,*,*,*,*,*
신이문역,,,,NNP,지명,T,지하철,*,*,*,*,*
신창역,,,,NNP,지명,T,지하철,*,*,*,*,*
쌍용(나사렛대)역,,,,NNP,지명,T,지하철,*,*,*,*,*
쌍용역,,,,NNP,지명,T,지하철,*,*,*,쌍용(나사렛대)역,*
나사렛대역,,,,NNP,지명,T,지하철,*,*,*,쌍용(나사렛대)역,*
아산역,,,,NNP,지명,T,지하철,*,*,*,*,*
안양역,,,,NNP,지명,T,지하철,*,*,*,*,*
양주역,,,,NNP,지명,T,지하철,*,*,*,*,*
역곡역,,,,NNP,지명,T,지하철,*,*,*,*,*
영등포역,,,,NNP,지명,T,지하철,*,*,*,*,*
오류동역,,,,NNP,지명,T,지하철,*,*,*,*,*
오산역,,,,NNP,지명,T,지하철,*,*,*,*,*
오산대역,,,,NNP,지명,T,지하철,*,*,*,*,*
온수역,,,,NNP,지명,T,지하철,*,*,*,*,*
온양온천역,,,,NNP,지명,T,지하철,*,*,*,*,*
외대앞역,,,,NNP,지명,T,지하철,*,*,*,*,*
용산역,,,,NNP,지명,T,지하철,*,*,*,*,*
월계역,,,,NNP,지명,T,지하철,*,*,*,*,*
의왕역,,,,NNP,지명,T,지하철,*,*,*,*,*
의정부역,,,,NNP,지명,T,지하철,*,*,*,*,*
인천역,,,,NNP,지명,T,지하철,*,*,*,*,*
제기동역,,,,NNP,지명,T,지하철,*,*,*,*,*
제물포역,,,,NNP,지명,T,지하철,*,*,*,*,*
종각역,,,,NNP,지명,T,지하철,*,*,*,*,*
종로3가역,,,,NNP,지명,T,지하철,*,*,*,*,*
종로5가역,,,,NNP,지명,T,지하철,*,*,*,*,*
주안역,,,,NNP,지명,T,지하철,*,*,*,*,*
중동역,,,,NNP,지명,T,지하철,*,*,*,*,*
지제역,,,,NNP,지명,T,지하철,*,*,*,*,*
지행역,,,,NNP,지명,T,지하철,*,*,*,*,*
직산역,,,,NNP,지명,T,지하철,*,*,*,*,*
진위역,,,,NNP,지명,T,지하철,*,*,*,*,*
창동역,,,,NNP,지명,T,지하철,*,*,*,*,*
천안역,,,,NNP,지명,T,지하철,*,*,*,*,*
청량리역,,,,NNP,지명,T,지하철,*,*,*,*,*
평택역,,,,NNP,지명,T,지하철,*,*,*,*,*
화서역,,,,NNP,지명,T,지하철,*,*,*,*,*
회기역,,,,NNP,지명,T,지하철,*,*,*,*,*
회룡역,,,,NNP,지명,T,지하철,*,*,*,*,*
용답역,,,,NNP,지명,T,지하철,*,*,*,*,*
신답역,,,,NNP,지명,T,지하철,*,*,*,*,*
용두역,,,,NNP,지명,T,지하철,*,*,*,*,*
신설동역,,,,NNP,지명,T,지하철,*,*,*,*,*
시청역,,,,NNP,지명,T,지하철,*,*,*,*,*
을지로입구역,,,,NNP,지명,T,지하철,*,*,*,*,*
을지로3가역,,,,NNP,지명,T,지하철,*,*,*,*,*
을지로4가역,,,,NNP,지명,T,지하철,*,*,*,*,*
동대문역사문화공원역,,,,NNP,지명,T,지하철,*,*,*,*,*
동역사역,,,,NNP,지명,T,지하철,*,*,*,동대문역사문화공원역,*
신당역,,,,NNP,지명,T,지하철,*,*,*,*,*
상왕십리역,,,,NNP,지명,T,지하철,*,*,*,*,*
왕십리역,,,,NNP,지명,T,지하철,*,*,*,*,*
한양대역,,,,NNP,지명,T,지하철,*,*,*,*,*
뚝섬역,,,,NNP,지명,T,지하철,*,*,*,*,*
성수역,,,,NNP,지명,T,지하철,*,*,*,*,*
건대입구역,,,,NNP,지명,T,지하철,*,*,*,*,*
구의역,,,,NNP,지명,T,지하철,*,*,*,*,*
강변역,,,,NNP,지명,T,지하철,*,*,*,*,*
잠실나루역,,,,NNP,지명,T,지하철,*,*,*,*,*
잠실역,,,,NNP,지명,T,지하철,*,*,*,*,*
신천역,,,,NNP,지명,T,지하철,*,*,*,잠실새내역,*
잠실새내역,,,,NNP,지명,T,지하철,*,*,*,*,*
종합운동장역,,,,NNP,지명,T,지하철,*,*,*,*,*
삼성역,,,-100,NNP,지명,T,지하철,*,*,*,*,*
선릉역,,,-100,NNP,지명,T,지하철,*,*,*,*,*
역삼역,,,-100,NNP,지명,T,지하철,*,*,*,*,*
강남역,,,-100,NNP,지명,T,지하철,*,*,*,*,*
교대역,,,,NNP,지명,T,지하철,*,*,*,*,*
서초역,,,,NNP,지명,T,지하철,*,*,*,*,*
방배역,,,,NNP,지명,T,지하철,*,*,*,*,*
사당역,,,,NNP,지명,T,지하철,*,*,*,*,*
낙성대역,,,,NNP,지명,T,지하철,*,*,*,*,*
서울대입구역,,,,NNP,지명,T,지하철,*,*,*,*,*
봉천역,,,,NNP,지명,T,지하철,*,*,*,*,*
신림역,,,,NNP,지명,T,지하철,*,*,*,*,*
신대방역,,,,NNP,지명,T,지하철,*,*,*,*,*
구로디지털단지역,,,,NNP,지명,T,지하철,*,*,*,*,*
구디역,,,,NNP,지명,T,지하철,*,*,*,구로디지털단지역,*
대림역,,,,NNP,지명,T,지하철,*,*,*,*,*
신도림역,,,,NNP,지명,T,지하철,*,*,*,*,*
문래역,,,,NNP,지명,T,지하철,*,*,*,*,*
영등포구청역,,,,NNP,지명,T,지하철,*,*,*,*,*
당산역,,,,NNP,지명,T,지하철,*,*,*,*,*
합정역,,,,NNP,지명,T,지하철,*,*,*,*,*
홍대입구역,,,,NNP,지명,T,지하철,*,*,*,*,*
신촌역,,,,NNP,지명,T,지하철,*,*,*,*,*
이대역,,,,NNP,지명,T,지하철,*,*,*,*,*
아현역,,,,NNP,지명,T,지하철,*,*,*,*,*
충정로역,,,,NNP,지명,T,지하철,*,*,*,*,*
도림천역,,,,NNP,지명,T,지하철,*,*,*,*,*
양천구청역,,,,NNP,지명,T,지하철,*,*,*,*,*
신정네거리역,,,,NNP,지명,T,지하철,*,*,*,*,*
까치산역,,,,NNP,지명,T,지하철,*,*,*,*,*
삼송역,,,,NNP,지명,T,지하철,*,*,*,*,*
지축역,,,,NNP,지명,T,지하철,*,*,*,*,*
구파발역,,,,NNP,지명,T,지하철,*,*,*,*,*
연신내역,,,,NNP,지명,T,지하철,*,*,*,*,*
불광역,,,,NNP,지명,T,지하철,*,*,*,*,*
녹번역,,,,NNP,지명,T,지하철,*,*,*,*,*
홍제역,,,,NNP,지명,T,지하철,*,*,*,*,*
무악재역,,,,NNP,지명,T,지하철,*,*,*,*,*
독립문역,,,,NNP,지명,T,지하철,*,*,*,*,*
경복궁역,,,,NNP,지명,T,지하철,*,*,*,*,*
안국역,,,,NNP,지명,T,지하철,*,*,*,*,*
종로3가역,,,,NNP,지명,T,지하철,*,*,*,*,*
을지로3가역,,,,NNP,지명,T,지하철,*,*,*,*,*
동대입구역,,,,NNP,지명,T,지하철,*,*,*,*,*
약수역,,,,NNP,지명,T,지하철,*,*,*,*,*
금호역,,,,NNP,지명,T,지하철,*,*,*,*,*
옥수역,,,,NNP,지명,T,지하철,*,*,*,*,*
압구정역,,,,NNP,지명,T,지하철,*,*,*,*,*
신사역,,,,NNP,지명,T,지하철,*,*,*,*,*
잠원역,,,,NNP,지명,T,지하철,*,*,*,*,*
고속터미널역,,,,NNP,지명,T,지하철,*,*,*,*,*
고터역,,,,NNP,지명,T,지하철,*,*,*,고속터미널역,*
교대역,,,,NNP,지명,T,지하철,*,*,*,*,*
남부터미널역,,,,NNP,지명,T,지하철,*,*,*,*,*
양재역,,,,NNP,지명,T,지하철,*,*,*,*,*
매봉역,,,,NNP,지명,T,지하철,*,*,*,*,*
도곡역,,,,NNP,지명,T,지하철,*,*,*,*,*
대치역,,,,NNP,지명,T,지하철,*,*,*,*,*
학여울역,,,,NNP,지명,T,지하철,*,*,*,*,*
대청역,,,,NNP,지명,T,지하철,*,*,*,*,*
일원역,,,,NNP,지명,T,지하철,*,*,*,*,*
수서역,,,,NNP,지명,T,지하철,*,*,*,*,*
경찰병원역,,,,NNP,지명,T,지하철,*,*,*,*,*
오금역,,,,NNP,지명,T,지하철,*,*,*,*,*
충무로역,,,,NNP,지명,T,지하철,*,*,*,*,*
가락시장역,,,,NNP,지명,T,지하철,*,*,*,*,*
백석역,,,,NNP,지명,T,지하철,*,*,*,*,*
마두역,,,,NNP,지명,T,지하철,*,*,*,*,*
정발산역,,,,NNP,지명,T,지하철,*,*,*,*,*
주엽역,,,,NNP,지명,T,지하철,*,*,*,*,*
대화역,,,,NNP,지명,T,지하철,*,*,*,*,*
대곡역,,,,NNP,지명,T,지하철,*,*,*,*,*
원당역,,,,NNP,지명,T,지하철,*,*,*,*,*
화정역,,,,NNP,지명,T,지하철,*,*,*,*,*
과천역,,,,NNP,지명,T,지하철,*,*,*,*,*
선바위역,,,,NNP,지명,T,지하철,*,*,*,*,*
대공원역,,,,NNP,지명,T,지하철,*,*,*,*,*
경마공원역,,,,NNP,지명,T,지하철,*,*,*,*,*
정부과천청사역,,,,NNP,지명,T,지하철,*,*,*,*,*
당고개역,,,,NNP,지명,T,지하철,*,*,*,*,*
상계역,,,,NNP,지명,T,지하철,*,*,*,*,*
노원역,,,,NNP,지명,T,지하철,*,*,*,*,*
창동역,,,,NNP,지명,T,지하철,*,*,*,*,*
쌍문역,,,,NNP,지명,T,지하철,*,*,*,*,*
수유역,,,,NNP,지명,T,지하철,*,*,*,*,*
미아역,,,,NNP,지명,T,지하철,*,*,*,*,*
미아사거리역,,,,NNP,지명,T,지하철,*,*,*,*,*
길음역,,,,NNP,지명,T,지하철,*,*,*,*,*
성신여대입구역,,,,NNP,지명,T,지하철,*,*,*,*,*
한성대입구역,,,,NNP,지명,T,지하철,*,*,*,*,*
혜화역,,,,NNP,지명,T,지하철,*,*,*,*,*
동대문역,,,,NNP,지명,T,지하철,*,*,*,*,*
충무로역,,,,NNP,지명,T,지하철,*,*,*,*,*
명동역,,,,NNP,지명,T,지하철,*,*,*,*,*
회현역,,,,NNP,지명,T,지하철,*,*,*,*,*
서울역,,,,NNP,지명,T,지하철,*,*,*,*,*
숙대입구역,,,,NNP,지명,T,지하철,*,*,*,*,*
삼각지역,,,-100,NNP,지명,T,지하철,*,*,*,*,*
신용산역,,,,NNP,지명,T,지하철,*,*,*,*,*
이촌역,,,,NNP,지명,T,지하철,*,*,*,*,*
동작역,,,,NNP,지명,T,지하철,*,*,*,*,*
총신대입구(이수)역,,,,NNP,지명,T,지하철,*,*,*,*,*
총신대입구역,,,,NNP,지명,T,지하철,*,*,*,총신대입구(이수)역,*
이수역,,,,NNP,지명,T,지하철,*,*,*,총신대입구(이수)역,*
사당역,,,,NNP,지명,T,지하철,*,*,*,*,*
남태령역,,,,NNP,지명,T,지하철,*,*,*,*,*
정왕역,,,,NNP,지명,T,지하철,*,*,*,*,*
오이도역,,,,NNP,지명,T,지하철,*,*,*,*,*
평촌역,,,,NNP,지명,T,지하철,*,*,*,*,*
범계역,,,,NNP,지명,T,지하철,*,*,*,*,*
산본역,,,,NNP,지명,T,지하철,*,*,*,*,*
금정역,,,,NNP,지명,T,지하철,*,*,*,*,*
수리산역,,,,NNP,지명,T,지하철,*,*,*,*,*
한대앞역,,,,NNP,지명,T,지하철,*,*,*,*,*
상록수역,,,,NNP,지명,T,지하철,*,*,*,*,*
인덕원역,,,,NNP,지명,T,지하철,*,*,*,*,*
대야미역,,,,NNP,지명,T,지하철,*,*,*,*,*
반월역,,,,NNP,지명,T,지하철,*,*,*,*,*
초지역,,,,NNP,지명,T,지하철,*,*,*,*,*
고잔역,,,,NNP,지명,T,지하철,*,*,*,*,*
중앙역,,,,NNP,지명,T,지하철,*,*,*,*,*
신길온천역,,,,NNP,지명,T,지하철,*,*,*,*,*
안산역,,,,NNP,지명,T,지하철,*,*,*,*,*
방화역,,,,NNP,지명,T,지하철,*,*,*,*,*
개화산역,,,,NNP,지명,T,지하철,*,*,*,*,*
김포공항역,,,,NNP,지명,T,지하철,*,*,*,*,*
송정역,,,,NNP,지명,T,지하철,*,*,*,*,*
마곡역,,,,NNP,지명,T,지하철,*,*,*,*,*
발산역,,,,NNP,지명,T,지하철,*,*,*,*,*
우장산역,,,,NNP,지명,T,지하철,*,*,*,*,*
화곡역,,,,NNP,지명,T,지하철,*,*,*,*,*
까치산역,,,,NNP,지명,T,지하철,*,*,*,*,*
신정역,,,,NNP,지명,T,지하철,*,*,*,*,*
목동역,,,,NNP,지명,T,지하철,*,*,*,*,*
오목교역,,,,NNP,지명,T,지하철,*,*,*,*,*
양평역,,,,NNP,지명,T,지하철,*,*,*,*,*
영등포구청역,,,,NNP,지명,T,지하철,*,*,*,*,*
영등포시장역,,,,NNP,지명,T,지하철,*,*,*,*,*
신길역,,,,NNP,지명,T,지하철,*,*,*,*,*
여의도역,,,,NNP,지명,T,지하철,*,*,*,*,*
여의나루역,,,,NNP,지명,T,지하철,*,*,*,*,*
마포역,,,,NNP,지명,T,지하철,*,*,*,*,*
공덕역,,,,NNP,지명,T,지하철,*,*,*,*,*
애오개역,,,,NNP,지명,T,지하철,*,*,*,*,*
충정로역,,,,NNP,지명,T,지하철,*,*,*,*,*
서대문역,,,,NNP,지명,T,지하철,*,*,*,*,*
광화문역,,,,NNP,지명,T,지하철,*,*,*,*,*
종로3가역,,,,NNP,지명,T,지하철,*,*,*,*,*
을지로4가역,,,,NNP,지명,T,지하철,*,*,*,*,*
청구역,,,,NNP,지명,T,지하철,*,*,*,*,*
신금호역,,,,NNP,지명,T,지하철,*,*,*,*,*
행당역,,,,NNP,지명,T,지하철,*,*,*,*,*
왕십리역,,,,NNP,지명,T,지하철,*,*,*,*,*
마장역,,,,NNP,지명,T,지하철,*,*,*,*,*
답십리역,,,,NNP,지명,T,지하철,*,*,*,*,*
장한평역,,,,NNP,지명,T,지하철,*,*,*,*,*
군자역,,,,NNP,지명,T,지하철,*,*,*,*,*
아차산역,,,,NNP,지명,T,지하철,*,*,*,*,*
광나루역,,,,NNP,지명,T,지하철,*,*,*,*,*
천호역,,,,NNP,지명,T,지하철,*,*,*,*,*
강동역,,,,NNP,지명,T,지하철,*,*,*,*,*
길동역,,,,NNP,지명,T,지하철,*,*,*,*,*
굽은다리역,,,,NNP,지명,T,지하철,*,*,*,*,*
명일역,,,,NNP,지명,T,지하철,*,*,*,*,*
고덕역,,,,NNP,지명,T,지하철,*,*,*,*,*
상일동역,,,,NNP,지명,T,지하철,*,*,*,*,*
둔촌동역,,,,NNP,지명,T,지하철,*,*,*,*,*
올림픽공원역,,,,NNP,지명,T,지하철,*,*,*,*,*
방이역,,,,NNP,지명,T,지하철,*,*,*,*,*
개롱역,,,,NNP,지명,T,지하철,*,*,*,*,*
거여역,,,,NNP,지명,T,지하철,*,*,*,*,*
마천역,,,,NNP,지명,T,지하철,*,*,*,*,*
오금역,,,,NNP,지명,T,지하철,*,*,*,*,*
응암역,,,,NNP,지명,T,지하철,*,*,*,*,*
역촌역,,,,NNP,지명,T,지하철,*,*,*,*,*
불광역,,,,NNP,지명,T,지하철,*,*,*,*,*
독바위역,,,,NNP,지명,T,지하철,*,*,*,*,*
구산역,,,,NNP,지명,T,지하철,*,*,*,*,*
새절역,,,,NNP,지명,T,지하철,*,*,*,*,*
증산역,,,,NNP,지명,T,지하철,*,*,*,*,*
디지털미디어시티역,,,,NNP,지명,T,지하철,*,*,*,*,*
월드컵경기장역,,,,NNP,지명,T,지하철,*,*,*,*,*
마포구청역,,,,NNP,지명,T,지하철,*,*,*,*,*
망원역,,,,NNP,지명,T,지하철,*,*,*,*,*
합정역,,,,NNP,지명,T,지하철,*,*,*,*,*
상수역,,,,NNP,지명,T,지하철,*,*,*,*,*
광흥창역,,,,NNP,지명,T,지하철,*,*,*,*,*
대흥역,,,,NNP,지명,T,지하철,*,*,*,*,*
효창공원앞역,,,,NNP,지명,T,지하철,*,*,*,*,*
녹사평역,,,,NNP,지명,T,지하철,*,*,*,*,*
이태원역,,,,NNP,지명,T,지하철,*,*,*,*,*
한강진역,,,,NNP,지명,T,지하철,*,*,*,*,*
버티고개역,,,,NNP,지명,T,지하철,*,*,*,*,*
약수역,,,,NNP,지명,T,지하철,*,*,*,*,*
신당역,,,,NNP,지명,T,지하철,*,*,*,*,*
동묘앞역,,,,NNP,지명,T,지하철,*,*,*,*,*
창신역,,,,NNP,지명,T,지하철,*,*,*,*,*
보문역,,,,NNP,지명,T,지하철,*,*,*,*,*
안암역,,,,NNP,지명,T,지하철,*,*,*,*,*
고려대역,,,,NNP,지명,T,지하철,*,*,*,*,*
월곡역,,,,NNP,지명,T,지하철,*,*,*,*,*
상월곡역,,,,NNP,지명,T,지하철,*,*,*,*,*
돌곶이역,,,,NNP,지명,T,지하철,*,*,*,*,*
석계역,,,,NNP,지명,T,지하철,*,*,*,*,*
태릉입구역,,,,NNP,지명,T,지하철,*,*,*,*,*
화랑대역,,,,NNP,지명,T,지하철,*,*,*,*,*
봉화산역,,,,NNP,지명,T,지하철,*,*,*,*,*
청구역,,,,NNP,지명,T,지하철,*,*,*,*,*
연신내역,,,,NNP,지명,T,지하철,*,*,*,*,*
장암역,,,,NNP,지명,T,지하철,*,*,*,*,*
도봉산역,,,,NNP,지명,T,지하철,*,*,*,*,*
수락산역,,,,NNP,지명,T,지하철,*,*,*,*,*
마들역,,,,NNP,지명,T,지하철,*,*,*,*,*
노원역,,,,NNP,지명,T,지하철,*,*,*,*,*
중계역,,,,NNP,지명,T,지하철,*,*,*,*,*
하계역,,,,NNP,지명,T,지하철,*,*,*,*,*
공릉역,,,,NNP,지명,T,지하철,*,*,*,*,*
먹골역,,,,NNP,지명,T,지하철,*,*,*,*,*
중화역,,,,NNP,지명,T,지하철,*,*,*,*,*
상봉역,,,,NNP,지명,T,지하철,*,*,*,*,*
면목역,,,,NNP,지명,T,지하철,*,*,*,*,*
사가정역,,,,NNP,지명,T,지하철,*,*,*,*,*
용마산역,,,,NNP,지명,T,지하철,*,*,*,*,*
중곡역,,,,NNP,지명,T,지하철,*,*,*,*,*
어린이대공원역,,,,NNP,지명,T,지하철,*,*,*,*,*
건대입구역,,,,NNP,지명,T,지하철,*,*,*,*,*
뚝섬유원지역,,,,NNP,지명,T,지하철,*,*,*,*,*
청담역,,,,NNP,지명,T,지하철,*,*,*,*,*
강남구청역,,,,NNP,지명,T,지하철,*,*,*,*,*
학동역,,,,NNP,지명,T,지하철,*,*,*,*,*
논현역,,,,NNP,지명,T,지하철,*,*,*,*,*
반포역,,,,NNP,지명,T,지하철,*,*,*,*,*
내방역,,,,NNP,지명,T,지하철,*,*,*,*,*
남성역,,,,NNP,지명,T,지하철,*,*,*,*,*
숭실대입구역,,,,NNP,지명,T,지하철,*,*,*,*,*
상도역,,,,NNP,지명,T,지하철,*,*,*,*,*
장승배기역,,,,NNP,지명,T,지하철,*,*,*,*,*
신대방삼거리역,,,,NNP,지명,T,지하철,*,*,*,*,*
보라매역,,,,NNP,지명,T,지하철,*,*,*,*,*
신풍역,,,,NNP,지명,T,지하철,*,*,*,*,*
대림역,,,,NNP,지명,T,지하철,*,*,*,*,*
남구로역,,,,NNP,지명,T,지하철,*,*,*,*,*
철산역,,,,NNP,지명,T,지하철,*,*,*,*,*
광명사거리역,,,,NNP,지명,T,지하철,*,*,*,*,*
천왕역,,,,NNP,지명,T,지하철,*,*,*,*,*
온수역,,,,NNP,지명,T,지하철,*,*,*,*,*
까치울역,,,,NNP,지명,T,지하철,*,*,*,*,*
부천종합운동장역,,,,NNP,지명,T,지하철,*,*,*,*,*
춘의역,,,,NNP,지명,T,지하철,*,*,*,*,*
신중동역,,,,NNP,지명,T,지하철,*,*,*,*,*
부천시청역,,,,NNP,지명,T,부천시장역,*,*,*,*,*
상동역,,,,NNP,지명,T,지하철,*,*,*,*,*
삼산체육관역,,,,NNP,지명,T,지하철,*,*,*,*,*
굴포천역,,,,NNP,지명,T,지하철,*,*,*,*,*
부평구청역,,,,NNP,지명,T,지하철,*,*,*,*,*
군자역,,,,NNP,지명,T,지하철,*,*,*,*,*
암사역,,,,NNP,지명,T,지하철,*,*,*,*,*
강동구청역,,,,NNP,지명,T,지하철,*,*,*,*,*
몽촌토성역,,,,NNP,지명,T,지하철,*,*,*,*,*
석촌역,,,,NNP,지명,T,지하철,*,*,*,*,*
송파역,,,,NNP,지명,T,지하철,*,*,*,*,*
가락시장역,,,,NNP,지명,T,지하철,*,*,*,*,*
문정역,,,,NNP,지명,T,지하철,*,*,*,*,*
장지역,,,,NNP,지명,T,지하철,*,*,*,*,*
복정역,,,,NNP,지명,T,지하철,*,*,*,*,*
산성역,,,,NNP,지명,T,지하철,*,*,*,*,*
남한산성입구역,,,,NNP,지명,T,지하철,*,*,*,*,*
단대오거리역,,,,NNP,지명,T,지하철,*,*,*,*,*
신흥역,,,,NNP,지명,T,지하철,*,*,*,*,*
수진역,,,,NNP,지명,T,지하철,*,*,*,*,*
모란역,,,,NNP,지명,T,지하철,*,*,*,*,*
천호역,,,,NNP,지명,T,지하철,*,*,*,*,*
개화역,,,,NNP,지명,T,지하철,*,*,*,*,*
김포공항역,,,,NNP,지명,T,지하철,*,*,*,*,*
공항시장역,,,,NNP,지명,T,지하철,*,*,*,*,*
신방화역,,,,NNP,지명,T,지하철,*,*,*,*,*
마곡나루역,,,,NNP,지명,T,지하철,*,*,*,*,*
양천향교역,,,,NNP,지명,T,지하철,*,*,*,*,*
가양역,,,,NNP,지명,T,지하철,*,*,*,*,*
증미역,,,,NNP,지명,T,지하철,*,*,*,*,*
등촌역,,,,NNP,지명,T,지하철,*,*,*,*,*
염창역,,,,NNP,지명,T,지하철,*,*,*,*,*
신목동역,,,,NNP,지명,T,지하철,*,*,*,*,*
선유도역,,,,NNP,지명,T,지하철,*,*,*,*,*
당산역,,,,NNP,지명,T,지하철,*,*,*,*,*
국회의사당역,,,,NNP,지명,T,지하철,*,*,*,*,*
여의도역,,,,NNP,지명,T,지하철,*,*,*,*,*
샛강역,,,,NNP,지명,T,지하철,*,*,*,*,*
노들역,,,,NNP,지명,T,지하철,*,*,*,*,*
흑석역,,,,NNP,지명,T,지하철,*,*,*,*,*
동작역,,,,NNP,지명,T,지하철,*,*,*,*,*
구반포역,,,,NNP,지명,T,지하철,*,*,*,*,*
신반포역,,,,NNP,지명,T,지하철,*,*,*,*,*
사평역,,,,NNP,지명,T,지하철,*,*,*,*,*
신논현역,,,,NNP,지명,T,지하철,*,*,*,*,*
홍대입구역,,,,NNP,지명,T,지하철,*,*,*,*,*
김포공항역,,,,NNP,지명,T,지하철,*,*,*,*,*
계양역,,,,NNP,지명,T,지하철,*,*,*,*,*
검암역,,,,NNP,지명,T,지하철,*,*,*,*,*
운서역,,,,NNP,지명,T,지하철,*,*,*,*,*
공항화물청사역,,,,NNP,지명,T,지하철,*,*,*,*,*
인천국제공항역,,,,NNP,지명,T,지하철,*,*,*,*,*
청라국제도시역,,,,NNP,지명,T,지하철,*,*,*,*,*
수서역,,,,NNP,지명,T,지하철,*,*,*,*,*
왕십리역,,,,NNP,지명,T,지하철,*,*,*,*,*
개포동역,,,,NNP,지명,T,지하철,*,*,*,*,*
대모산입구역,,,,NNP,지명,T,지하철,*,*,*,*,*
복정역,,,,NNP,지명,T,지하철,*,*,*,*,*
신갈역,,,,NNP,지명,T,지하철,*,*,*,*,*
서울숲역,,,-100,NNP,지명,T,지하철,*,*,*,*,*
강남구청역,,,,NNP,지명,T,지하철,*,*,*,*,*
선릉역,,,,NNP,지명,T,지하철,*,*,*,*,*
한티역,,,,NNP,지명,T,지하철,*,*,*,*,*
도곡역,,,,NNP,지명,T,지하철,*,*,*,*,*
구룡역,,,,NNP,지명,T,지하철,*,*,*,*,*
망포역,,,,NNP,지명,T,지하철,*,*,*,*,*
보정역,,,,NNP,지명,T,지하철,*,*,*,*,*
구성역,,,,NNP,지명,T,지하철,*,*,*,*,*
기흥역,,,,NNP,지명,T,지하철,*,*,*,*,*
야탑역,,,,NNP,지명,T,지하철,*,*,*,*,*
서현역,,,,NNP,지명,T,지하철,*,*,*,*,*
오리역,,,,NNP,지명,T,지하철,*,*,*,*,*
정자역,,,,NNP,지명,T,지하철,*,*,*,*,*
미금역,,,,NNP,지명,T,지하철,*,*,*,*,*
수내역,,,,NNP,지명,T,지하철,*,*,*,*,*
모란역,,,,NNP,지명,T,지하철,*,*,*,*,*
태평역,,,,NNP,지명,T,지하철,*,*,*,*,*
가천대역,,,,NNP,지명,T,지하철,*,*,*,*,*
이매역,,,,NNP,지명,T,지하철,*,*,*,*,*
죽전역,,,,NNP,지명,T,지하철,*,*,*,*,*
매교역,,,,NNP,지명,T,지하철,*,*,*,*,*
매탄권선역,,,,NNP,지명,T,지하철,*,*,*,*,*
상갈역,,,,NNP,지명,T,지하철,*,*,*,*,*
선정릉역,,,,NNP,지명,T,지하철,*,*,*,*,*
수원역,,,,NNP,지명,T,지하철,*,*,*,*,*
수원시청역,,,,NNP,지명,T,지하철,*,*,*,*,*
압구정로데오역,,,,NNP,지명,T,지하철,*,*,*,*,*
영통역,,,,NNP,지명,T,지하철,*,*,*,*,*
청명역,,,,NNP,지명,T,지하철,*,*,*,*,*
상봉역,,,,NNP,지명,T,지하철,*,*,*,*,*
망우역,,,,NNP,지명,T,지하철,*,*,*,*,*
광운대역,,,,NNP,지명,T,지하철,*,*,*,*,*
퇴계원역,,,,NNP,지명,T,지하철,*,*,*,*,*
사릉역,,,,NNP,지명,T,지하철,*,*,*,*,*
가평역,,,,NNP,지명,T,지하철,*,*,*,*,*
청평역,,,,NNP,지명,T,지하철,*,*,*,*,*
대성리역,,,,NNP,지명,T,지하철,*,*,*,*,*
상천역,,,,NNP,지명,T,지하철,*,*,*,*,*
금곡역,,,,NNP,지명,T,지하철,*,*,*,*,*
평내호평역,,,,NNP,지명,T,지하철,*,*,*,*,*
마석역,,,,NNP,지명,T,지하철,*,*,*,*,*
춘천역,,,,NNP,지명,T,지하철,*,*,*,*,*
굴봉산역,,,,NNP,지명,T,지하철,*,*,*,*,*
남춘천역,,,,NNP,지명,T,지하철,*,*,*,*,*
김유정역,,,,NNP,지명,T,지하철,*,*,*,*,*
강촌역,,,,NNP,지명,T,지하철,*,*,*,*,*
백양리역,,,,NNP,지명,T,지하철,*,*,*,*,*
갈매역,,,,NNP,지명,T,지하철,*,*,*,*,*
별내역,,,,NNP,지명,T,지하철,*,*,*,*,*
신내역,,,,NNP,지명,T,지하철,*,*,*,*,*
천마산역,,,,NNP,지명,T,지하철,*,*,*,*,*
간석오거리역,,,,NNP,지명,T,지하철,*,*,*,*,*
인천시청역,,,,NNP,지명,T,지하철,*,*,*,*,*
예술회관역,,,,NNP,지명,T,지하철,*,*,*,*,*
인천터미널역,,,,NNP,지명,T,지하철,*,*,*,*,*
문학경기장역,,,,NNP,지명,T,지하철,*,*,*,*,*
캠퍼스타운역,,,,NNP,지명,T,지하철,*,*,*,*,*
테크노파크역,,,,NNP,지명,T,지하철,*,*,*,*,*
지식정보단지역,,,,NNP,지명,T,지하철,*,*,*,*,*
인천대입구역,,,,NNP,지명,T,지하철,*,*,*,*,*
센트럴파크역,,,,NNP,지명,T,지하철,*,*,*,*,*
국제업무지구역,,,,NNP,지명,T,지하철,*,*,*,*,*
갈산역,,,,NNP,지명,T,지하철,*,*,*,*,*
부평시장역,,,,NNP,지명,T,지하철,*,*,*,*,*
부평역,,,,NNP,지명,T,지하철,*,*,*,*,*
귤현역,,,,NNP,지명,T,지하철,*,*,*,*,*
동수역,,,,NNP,지명,T,지하철,*,*,*,*,*
부평삼거리역,,,,NNP,지명,T,지하철,*,*,*,*,*
박촌역,,,,NNP,지명,T,지하철,*,*,*,*,*
임학역,,,,NNP,지명,T,지하철,*,*,*,*,*
작전역,,,,NNP,지명,T,지하철,*,*,*,*,*
계산역,,,,NNP,지명,T,지하철,*,*,*,*,*
경인교대입구역,,,,NNP,지명,T,지하철,*,*,*,*,*
계양역,,,,NNP,지명,T,지하철,*,*,*,*,*
신연수역,,,,NNP,지명,T,지하철,*,*,*,*,*
동춘역,,,,NNP,지명,T,지하철,*,*,*,*,*
원인재역,,,,NNP,지명,T,지하철,*,*,*,*,*
동막역,,,,NNP,지명,T,지하철,*,*,*,*,*
선학역,,,,NNP,지명,T,지하철,*,*,*,*,*
응봉역,,,,NNP,지명,T,지하철,*,*,*,*,*
옥수역,,,,NNP,지명,T,지하철,*,*,*,*,*
청량리역,,,,NNP,지명,T,지하철,*,*,*,*,*
용산역,,,,NNP,지명,T,지하철,*,*,*,*,*
망우역,,,,NNP,지명,T,지하철,*,*,*,*,*
양원역,,,,NNP,지명,T,지하철,*,*,*,*,*
중랑역,,,,NNP,지명,T,지하철,*,*,*,*,*
서빙고역,,,,NNP,지명,T,지하철,*,*,*,*,*
이촌역,,,,NNP,지명,T,지하철,*,*,*,*,*
한남역,,,,NNP,지명,T,지하철,*,*,*,*,*
회기역,,,,NNP,지명,T,지하철,*,*,*,*,*
도심역,,,,NNP,지명,T,지하철,*,*,*,*,*
구리역,,,,NNP,지명,T,지하철,*,*,*,*,*
양정역,,,,NNP,지명,T,지하철,*,*,*,*,*
도농역,,,,NNP,지명,T,지하철,*,*,*,*,*
팔당역,,,,NNP,지명,T,지하철,*,*,*,*,*
운길산역,,,,NNP,지명,T,지하철,*,*,*,*,*
덕소역,,,,NNP,지명,T,지하철,*,*,*,*,*
아신역,,,,NNP,지명,T,지하철,*,*,*,*,*
원덕역,,,,NNP,지명,T,지하철,*,*,*,*,*
신원역,,,,NNP,지명,T,지하철,*,*,*,*,*
양수역,,,,NNP,지명,T,지하철,*,*,*,*,*
국수역,,,,NNP,지명,T,지하철,*,*,*,*,*
용문역,,,,NNP,지명,T,지하철,*,*,*,*,*
오빈역,,,,NNP,지명,T,지하철,*,*,*,*,*
양평역,,,,NNP,지명,T,지하철,*,*,*,*,*
화전역,,,,NNP,지명,T,지하철,*,*,*,*,*
수색역,,,,NNP,지명,T,지하철,*,*,*,*,*
신촌역,,,,NNP,지명,T,지하철,*,*,*,*,*
가좌역,,,,NNP,지명,T,지하철,*,*,*,*,*
홍대입구역,,,,NNP,지명,T,지하철,*,*,*,*,*
행신역,,,,NNP,지명,T,지하철,*,*,*,*,*
백마역,,,,NNP,지명,T,지하철,*,*,*,*,*
곡산역,,,,NNP,지명,T,지하철,*,*,*,*,*
금촌역,,,,NNP,지명,T,지하철,*,*,*,*,*
운정역,,,,NNP,지명,T,지하철,*,*,*,*,*
금릉역,,,,NNP,지명,T,지하철,*,*,*,*,*
문산역,,,,NNP,지명,T,지하철,*,*,*,*,*
파주역,,,,NNP,지명,T,지하철,*,*,*,*,*
탄현역,,,,NNP,지명,T,지하철,*,*,*,*,*
월롱역,,,,NNP,지명,T,지하철,*,*,*,*,*
풍산역,,,,NNP,지명,T,지하철,*,*,*,*,*
대곡역,,,,NNP,지명,T,지하철,*,*,*,*,*
능곡역,,,,NNP,지명,T,지하철,*,*,*,*,*
일산역,,,,NNP,지명,T,지하철,*,*,*,*,*
서강대역,,,,NNP,지명,T,지하철,*,*,*,*,*
강남역,,,,NNP,지명,T,지하철,*,*,*,*,*
양재역,,,,NNP,지명,T,지하철,*,*,*,*,*
양재시민의숲역,,,,NNP,지명,T,지하철,*,*,*,*,*
양재숲역,,,,NNP,지명,T,지하철,*,*,*,양재시민의숲역,*
청계산입구역,,,,NNP,지명,T,지하철,*,*,*,*,*
판교역,,,,NNP,지명,T,지하철,*,*,*,*,*
정자역,,,,NNP,지명,T,지하철,*,*,*,*,*
오이도역,,,,NNP,지명,T,지하철,*,*,*,*,*
월곶역,,,,NNP,지명,T,지하철,*,*,*,*,*
소래포구역,,,,NNP,지명,T,지하철,*,*,*,*,*
인천논현역,,,,NNP,지명,T,지하철,*,*,*,*,*
호구포역,,,,NNP,지명,T,지하철,*,*,*,*,*
남동인더스파크역,,,,NNP,지명,T,지하철,*,*,*,*,*
원인재역,,,,NNP,지명,T,지하철,*,*,*,*,*
연수역,,,,NNP,지명,T,지하철,*,*,*,*,*
송도역,,,,NNP,지명,T,지하철,*,*,*,*,*
